{
    "Properties" : {
        "type" : "aws_instance",
        "value" : {
            "ami" : "${lookup(var.aws_amis, var.aws_region)}",
            "instance_type" : "m1.small",
            "key_name": "PUBKEY",
            "vpc_security_group_ids" : ["${aws_security_group.default.id}"],
            "subnet_id": "${aws_subnet.default.id}",
            "tags" :  {
                "Tier" : "web",
                "InstancePlugin" : "terraform"
            },
            "connection" : {
                "user" : "ubuntu"
            }
        }
    },
    "Tags" : {
	"provisioner" : "infrakit-terraform-example",
        "other" : "values"
    },
    "Init" : "#!/bin/sh; sudo apt-get -y update; sudo apt-get -y install nginx; sudo service nginx start"
}
